state,color,move,player
"(33619200, 129, 66, 36, 8, 16, 71776119061217280, 9295429630892703744, 4755801206503243776, 2594073385365405696, 576460752303423488, 1152921504606846976)",1,d7d5,human
"(33619200, 129, 66, 544, 8, 16, 69524353607270400, 9295429630892703744, 4755801206503243776, 2594073385365405696, 576460752303423488, 1152921504606846976)",1,c8f5,human
"(33619200, 129, 65600, 544, 8, 16, 69524353607270400, 9295429630892703744, 4755801206503243776, 2305843146652647424, 576460752303423488, 1152921504606846976)",1,e7e6,human
"(33619200, 129, 65600, 35184372088864, 8, 16, 65038346165944320, 9295429630892703744, 4755801206503243776, 2305843146652647424, 576460752303423488, 1152921504606846976)",1,d8f6,human
"(1107344640, 129, 65600, 32, 8, 16, 65038346165944320, 9295429630892703744, 4755801206503243776, 2305843146652647424, 35184372088832, 1152921504606846976)",1,f5g4,human
"(33602816, 129, 65600, 16384, 8, 16, 65038346165944320, 9295429630892703744, 4755801206503243776, 2305843010287435776, 35184372088832, 1152921504606846976)",1,f8b4,human
"(48384, 129, 65600, 2097152, 8, 16, 65038346165944320, 9295429630892703744, 4755801206503243776, 1107296256, 35184372088832, 1152921504606846976)",1,g4f5,human
"(268479744, 129, 65600, 2097152, 8, 16, 65038346165944320, 9295429630892703744, 4755801206503243776, 137472507904, 35184372088832, 1152921504606846976)",1,d5e4,human
"(44288, 129, 65600, 2097152, 8, 4096, 65038312074641408, 9295429630892703744, 4755801206503243776, 137472507904, 35184372088832, 1152921504606846976)",1,e4f3,human
"(44288, 129, 65600, 0, 8, 16, 65038311808303104, 9295429630892703744, 4755801206503243776, 137472507904, 35184372088832, 1152921504606846976)",1,f5e4,human
"(44288, 129, 65600, 0, 2, 16, 65038311808303104, 9295429630892703744, 4755801206503243776, 301989888, 35184372088832, 1152921504606846976)",1,a7a5,human
"(44288, 129, 69632, 0, 2, 16, 64756841126559744, 9295429630892703744, 4755801206503243776, 301989888, 35184372088832, 1152921504606846976)",1,f3e2,human
"(587520, 129, 66, 36, 8, 16, 71776119061217280, 9295429630892703744, 4755801206503243776, 2594073385365405696, 576460752303423488, 1152921504606846976)",1,d7d5,human
"(587520, 129, 8388610, 36, 8, 16, 69524353607270400, 9295429630892703744, 4755801206503243776, 2594073385365405696, 576460752303423488, 1152921504606846976)",1,c8f5,human
"(134280960, 129, 8388610, 36, 8, 16, 69524353607270400, 9295429630892703744, 4755801206503243776, 2305843146652647424, 576460752303423488, 1152921504606846976)",1,e7e6,human
"(134280960, 129, 8390656, 36, 8, 16, 65038346165944320, 9295429630892703744, 4755801206503243776, 2305843146652647424, 576460752303423488, 1152921504606846976)",1,c7c6,human
"(201388800, 129, 8390656, 36, 8, 16, 63916844305612800, 9295429630892703744, 4755801206503243776, 2305843146652647424, 576460752303423488, 1152921504606846976)",1,f8d6,human
"(201388800, 65, 8390656, 36, 8, 16, 63916844305612800, 9295429630892703744, 4755801206503243776, 8933531975680, 576460752303423488, 1152921504606846976)",1,b8d7,human
"(201388800, 65, 8388610, 36, 8, 16, 63916844305612800, 9295429630892703744, 4613937818241073152, 8933531975680, 576460752303423488, 1152921504606846976)",1,g8f6,human
"(1275114240, 65, 8388610, 36, 8, 16, 63916844305612800, 9295429630892703744, 2286984185774080, 8933531975680, 576460752303423488, 1152921504606846976)",1,f6g4,human
"(201372416, 65, 8388610, 36, 16777216, 16, 63916844305612800, 9295429630892703744, 2251800887427072, 8933531975680, 576460752303423488, 1152921504606846976)",1,e8g8,human
"(201372416, 65, 8454144, 36, 16777216, 16, 63916844305612800, 2377900603251621888, 2251800887427072, 8933531975680, 576460752303423488, 4611686018427387904)",1,a7a6,human
"(201372416, 65, 8454144, 36, 16777216, 2048, 63636468840529920, 2377900603251621888, 2251800887427072, 8933531975680, 576460752303423488, 4611686018427387904)",1,b7b5,human
"(234926336, 65, 8454144, 36, 16777216, 2048, 63073527477043200, 2377900603251621888, 2251800887427072, 8933531975680, 576460752303423488, 4611686018427387904)",1,b5a4,human
"(34527555840, 65, 8454144, 36, 0, 2048, 63073484544147456, 2377900603251621888, 2251800887427072, 8933531975680, 576460752303423488, 4611686018427387904)",1,c6d5,human
"(169906432, 65, 8454144, 36, 0, 2048, 63069120857374720, 2377900603251621888, 2251800887427072, 8933531975680, 576460752303423488, 4611686018427387904)",1,g4h2,human
"(169873664, 65, 536936448, 36, 0, 2048, 63069120857374720, 2377900603251621888, 2251799813718016, 8933531975680, 576460752303423488, 4611686018427387904)",1,d6f4,human
"(169873664, 65, 65536, 36, 0, 8, 63069120857374720, 2377900603251621888, 2251799813718016, 137975824384, 576460752303423488, 4611686018427387904)",1,f4c1,human
"(169873664, 129, 65536, 32, 0, 8, 63069120857374720, 2377900603251621888, 2251799813718016, 137438953476, 576460752303423488, 4611686018427387904)",1,h2f1,human
"(169873664, 129, 65536, 0, 0, 16, 63069120857374720, 2377900603251621888, 2251799813685280, 137438953476, 576460752303423488, 4611686018427387904)",1,c1a3,human
"(170918144, 129, 0, 0, 0, 16, 63069120857374720, 2377900603251621888, 2251799813685280, 137439019008, 576460752303423488, 4611686018427387904)",1,f1e3,human
"(169869568, 8388609, 0, 0, 0, 16, 63069120857374720, 2377900603251621888, 2251799814733824, 137439019008, 576460752303423488, 4611686018427387904)",1,f5h3,human
"(169869568, 1, 0, 0, 0, 4096, 63069120857374720, 2377900603251621888, 2251799814733824, 8454144, 576460752303423488, 4611686018427387904)",1,e3c2,human
"(704643328, 1, 0, 0, 0, 4096, 63069120857374720, 2377900603251621888, 2251799813686272, 8454144, 576460752303423488, 4611686018427387904)",1,c2a1,human
"(704643328, 0, 0, 0, 0, 8, 63069120857374720, 2377900603251621888, 2251799813685249, 8454144, 576460752303423488, 4611686018427387904)",1,d8f6,human
"(9261023488, 0, 0, 0, 0, 8, 63069120857374720, 2377900603251621888, 2251799813685249, 8454144, 35184372088832, 4611686018427387904)",1,f6d4,human
"(9126805760, 0, 0, 0, 0, 4096, 63069120857374720, 2377900603251621888, 2251799813685249, 8454144, 134217728, 4611686018427387904)",1,d4c3,human
"(1100048498944, 0, 0, 0, 0, 4096, 63068021345746944, 2377900603251621888, 2251799813685249, 8454144, 262144, 4611686018427387904)",1,h3g4,human
"(1100048498944, 0, 0, 0, 0, 32, 63068021345746944, 2377900603251621888, 2251799813685249, 1073807360, 262144, 4611686018427387904)",1,c3d2,human
"(1100048498944, 0, 0, 0, 0, 64, 63068021345746944, 2377900603251621888, 2251799813685249, 1073807360, 2048, 4611686018427387904)",1,a3c5,human
"(1100048498944, 0, 0, 0, 0, 128, 63068021345746944, 2377900603251621888, 2251799813685249, 18253611008, 2048, 4611686018427387904)",1,g4f3,human
"(16842240, 129, 66, 36, 8, 16, 71776119061217280, 9295429630892703744, 4755801206503243776, 2594073385365405696, 576460752303423488, 1152921504606846976)",1,d7d5,human
"(1090567680, 129, 66, 36, 8, 16, 69524353607270400, 9295429630892703744, 4755801206503243776, 2594073385365405696, 576460752303423488, 1152921504606846976)",1,c8g4,human
"(18914816, 129, 66, 36, 8, 16, 69524353607270400, 9295429630892703744, 4755801206503243776, 2305843010287435776, 576460752303423488, 1152921504606846976)",1,g4f5,human
"(153130496, 129, 66, 36, 8, 16, 69524353607270400, 9295429630892703744, 4755801206503243776, 2305843146652647424, 576460752303423488, 1152921504606846976)",1,e7e6,human
"(153130496, 129, 66, 140737488355360, 8, 16, 65038346165944320, 9295429630892703744, 4755801206503243776, 2305843146652647424, 576460752303423488, 1152921504606846976)",1,g7h6,human
"(153130496, 129, 2112, 32, 8, 16, 47164685144817664, 9295429630892703744, 4755801206503243776, 2305843146652647424, 576460752303423488, 1152921504606846976)",1,g8f6,human
"(153130496, 129, 66, 32, 8, 16, 47164685144817664, 9295429630892703744, 144150372447944704, 2305843146652647424, 576460752303423488, 1152921504606846976)",1,f8d6,human
"(153130496, 129, 66, 32, 524288, 16, 47164685144817664, 9295429630892703744, 144150372447944704, 8933531975680, 576460752303423488, 1152921504606846976)",1,f5d3,human
"(1073790720, 129, 66, 36, 8, 16, 71776119061217280, 9295429630892703744, 4755801206503243776, 2594073385365405696, 576460752303423488, 1152921504606846976)",1,d7d5,human
"(1107344640, 129, 66, 36, 8, 16, 69524353607270400, 9295429630892703744, 4755801206503243776, 2594073385365405696, 576460752303423488, 1152921504606846976)",1,c8g4,human
"(8589982976, 129, 66, 36, 8, 16, 69524353607270400, 9295429630892703744, 4755801206503243776, 2305843010287435776, 576460752303423488, 1152921504606846976)",1,e7e6,human
"(8589982976, 129, 65600, 36, 8, 16, 65038346165944320, 9295429630892703744, 4755801206503243776, 2305843010287435776, 576460752303423488, 1152921504606846976)",1,g8f6,human
"(8589982976, 129, 65600, 544, 8, 16, 65038346165944320, 9295429630892703744, 144150372447944704, 2305843010287435776, 576460752303423488, 1152921504606846976)",1,a7a6,human
"(8589982976, 129, 65600, 544, 4, 16, 64757970700861440, 9295429630892703744, 144150372447944704, 2305843010287435776, 576460752303423488, 1152921504606846976)",1,a6b5,human
"(48384, 129, 2162688, 544, 4, 16, 64756879779168256, 9295429630892703744, 144150372447944704, 2305843010287435776, 576460752303423488, 1152921504606846976)",1,c7c6,human
"(48384, 129, 2162688, 544, 2, 16, 63635377918836736, 9295429630892703744, 144150372447944704, 2305843010287435776, 576460752303423488, 1152921504606846976)",1,f8a3,human
"(48384, 129, 68719476736, 544, 2, 16, 63635377918836736, 9295429630892703744, 144150372447944704, 1073807360, 576460752303423488, 1152921504606846976)",1,g4f5,human
"(536911104, 129, 68719476736, 544, 2, 16, 63635377918836736, 9295429630892703744, 144150372447944704, 137439019008, 576460752303423488, 1152921504606846976)",1,e8g8,human
"(604018944, 129, 68719476736, 544, 2, 16, 63635377918836736, 2377900603251621888, 144150372447944704, 137439019008, 576460752303423488, 4611686018427387904)",1,b5c4,human
"(536910080, 129, 68719476736, 544, 268435456, 16, 63635369396011008, 2377900603251621888, 144150372447944704, 137439019008, 576460752303423488, 4611686018427387904)",1,d5e4,human
"(536910080, 136, 68719476736, 544, 0, 4, 63635335304708096, 2377900603251621888, 144150372447944704, 137439019008, 576460752303423488, 4611686018427387904)",1,a3b2,human
"(536910080, 136, 68719476736, 32, 0, 512, 63635335304708096, 2377900603251621888, 144150372447944704, 137438953472, 576460752303423488, 4611686018427387904)",1,d8d5,human
"(536910080, 132, 68719476736, 32, 0, 512, 63635335304708096, 2377900603251621888, 144150372447944704, 137438953472, 34359738368, 4611686018427387904)",1,e4e3,human
"(536910080, 132, 67108864, 32, 0, 512, 63635334970212352, 2377900603251621888, 144150372447944704, 137438953472, 34359738368, 4611686018427387904)",1,d5h1,human
"(2684360960, 4, 67108864, 32, 0, 512, 63635334970212352, 2377900603251621888, 144150372447944704, 137438953472, 128, 4611686018427387904)",1,f8d8,human
"(2684360960, 1, 67108864, 32, 0, 512, 63635334970212352, 648518346341351424, 144150372447944704, 137438953472, 128, 4611686018427387904)",1,e3d2,human
"(2684358912, 1, 68719476736, 32, 0, 512, 63635334969165824, 648518346341351424, 144150372447944704, 137438953472, 128, 4611686018427387904)",1,a8a4,human
"(2684358912, 1, 68719476736, 32, 0, 131072, 63635334969165824, 576460752320200704, 144150372447944704, 137438953472, 128, 4611686018427387904)",1,a4f4,human
"(549755818240, 1, 68719476736, 32, 0, 131072, 63635334969165824, 576460752840294400, 144150372447944704, 137438953472, 128, 4611686018427387904)",1,f4f1,human
"(549755818240, 1, 2251799813685248, 0, 0, 131072, 63635334969165824, 576460752303423520, 144150372447944704, 137438953472, 128, 4611686018427387904)",1,d8d7,human
"(549755818240, 1, 0, 0, 0, 16777216, 63635334969165824, 2251799813685280, 144150372447944704, 137438953472, 128, 4611686018427387904)",1,f1a1,human
"(140737488359680, 0, 0, 0, 0, 16777216, 63635334969165824, 2251799813685249, 144150372447944704, 137438953472, 128, 4611686018427387904)",1,h1b1,human
"(140737488359680, 0, 0, 0, 0, 4294967296, 63635334969165824, 2251799813685249, 144150372447944704, 137438953472, 2, 4611686018427387904)",1,a1a2,human
"(2149604608, 129, 65600, 544, 8, 16, 65038346165944320, 9295429630892703744, 4755801206503243776, 137472507904, 576460752303423488, 1152921504606846976)",1,c7c6,human
"(2147516160, 129, 66, 36, 8, 16, 71776119061217280, 9295429630892703744, 4755801206503243776, 2594073385365405696, 576460752303423488, 1152921504606846976)",1,d7d5,human
"(2147646720, 129, 66, 36, 8, 16, 69524353607270400, 9295429630892703744, 4755801206503243776, 2594073385365405696, 576460752303423488, 1152921504606846976)",1,c8f5,human
"(2684509440, 129, 66, 36, 8, 16, 69524353607270400, 9295429630892703744, 4755801206503243776, 2305843146652647424, 576460752303423488, 1152921504606846976)",1,e7e6,human
"(2684509440, 129, 66, 36, 8, 8192, 65038346165944320, 9295429630892703744, 4755801206503243776, 2305843146652647424, 576460752303423488, 1152921504606846976)",1,g8f6,human
"(2717932800, 129, 66, 36, 8, 8192, 65038346165944320, 9295429630892703744, 144150372447944704, 2305843146652647424, 576460752303423488, 1152921504606846976)",1,f8b4,human
"(2684378368, 129, 66, 65568, 8, 8192, 65038346165944320, 9295429630892703744, 144150372447944704, 137472507904, 576460752303423488, 1152921504606846976)",1,b8c6,human
"(2684378368, 129, 66, 544, 8, 8192, 65038346165944320, 9295429630892703744, 39582418599936, 137472507904, 576460752303423488, 1152921504606846976)",1,b4c5,human
"(2685422848, 129, 66, 544, 8, 8192, 65038346165944320, 9295429630892703744, 39582418599936, 154618822656, 576460752303423488, 1152921504606846976)",1,c6b4,human
"(2685422848, 129, 66, 544, 8, 16, 65038346165944320, 9295429630892703744, 35184405643264, 154618822656, 576460752303423488, 1152921504606846976)",1,b4c2,human
"(2685421824, 129, 66, 544, 1024, 16, 65038346165944320, 9295429630892703744, 35184372088832, 154618822656, 576460752303423488, 1152921504606846976)",1,f5c2,human
"(2685421824, 129, 66, 524800, 0, 16, 65038346165944320, 9295429630892703744, 35184372088832, 17179870208, 576460752303423488, 1152921504606846976)",1,c2d3,human
"(2685421824, 129, 66, 134217728, 0, 16, 65038346165944320, 9295429630892703744, 35184372088832, 17180393472, 576460752303423488, 1152921504606846976)",1,c5d4,human
"(2685421824, 129, 8388610, 0, 0, 16, 65038346165944320, 9295429630892703744, 35184372088832, 134742016, 576460752303423488, 1152921504606846976)",1,d4a1,human
"(2685421824, 128, 274877906946, 0, 0, 16, 65038346165944320, 9295429630892703744, 35184372088832, 524289, 576460752303423488, 1152921504606846976)",1,d3b1,human
"(2685421824, 128, 8388608, 0, 0, 16, 65038346165944320, 9295429630892703744, 35184372088832, 3, 576460752303423488, 1152921504606846976)",1,c7c6,human
"(139587504384, 128, 8388608, 0, 0, 16, 63916844305612800, 9295429630892703744, 35184372088832, 3, 576460752303423488, 1152921504606846976)",1,e8g8,human
"(139587569664, 128, 8388608, 0, 0, 16, 63916844305612800, 2377900603251621888, 35184372088832, 3, 576460752303423488, 4611686018427387904)",1,d8a5,human
"(139587569664, 32, 8388608, 0, 0, 16, 63916844305612800, 2377900603251621888, 35184372088832, 3, 4294967296, 4611686018427387904)",1,a1c3,human
"(139854956544, 32, 8388608, 0, 0, 16, 63916844305612800, 2377900603251621888, 35184372088832, 262146, 4294967296, 4611686018427387904)",1,c3d2,human
"(139854954496, 32, 8388608, 0, 0, 8192, 63916844305612800, 2377900603251621888, 35184372088832, 2050, 4294967296, 4611686018427387904)",1,b1e4,human
"(687194849280, 32, 8388608, 0, 0, 8192, 63916844305612800, 2377900603251621888, 35184372088832, 268437504, 4294967296, 4611686018427387904)",1,f6h5,human
"(137439035392, 128, 8388608, 0, 0, 8192, 63916844305612800, 2377900603251621888, 549755813888, 268437504, 4294967296, 4611686018427387904)",1,e4f5,human
"(81920, 1, 8388608, 0, 0, 8192, 63916844305612800, 2377900603251621888, 549755813888, 137438955520, 4294967296, 4611686018427387904)",1,f5h3,human
"(16793600, 1, 0, 0, 0, 8192, 63916844305612800, 2377900603251621888, 549755813888, 8390656, 4294967296, 4611686018427387904)",1,h3g2,human
"(16777216, 16, 0, 0, 0, 8192, 63916844305612800, 2377900603251621888, 549755813888, 18432, 4294967296, 4611686018427387904)",1,d2e1,human
"(16777216, 0, 0, 0, 0, 1048576, 63916844305612800, 2377900603251621888, 549755813888, 16400, 4294967296, 4611686018427387904)",1,a5d2,human
"(587520, 129, 66, 36, 8, 16, 71776119061217280, 9295429630892703744, 4755801206503243776, 2594073385365405696, 576460752303423488, 1152921504606846976)",1,d7d5,human
"(587520, 129, 66, 36, 2048, 16, 69524353607270400, 9295429630892703744, 4755801206503243776, 2594073385365405696, 576460752303423488, 1152921504606846976)",1,c8f5,human
"(848640, 129, 66, 36, 2048, 16, 69524353607270400, 9295429630892703744, 4755801206503243776, 2305843146652647424, 576460752303423488, 1152921504606846976)",1,e7e6,human
"(913920, 129, 66, 36, 2048, 16, 65038346165944320, 9295429630892703744, 4755801206503243776, 2305843146652647424, 576460752303423488, 1152921504606846976)",1,c7c6,human
"(2148364800, 129, 66, 36, 2048, 16, 63916844305612800, 9295429630892703744, 4755801206503243776, 2305843146652647424, 576460752303423488, 1152921504606846976)",1,b8d7,human
"(2148364800, 129, 66, 36, 8, 16, 63916844305612800, 9295429630892703744, 4613937818241073152, 2305843146652647424, 576460752303423488, 1152921504606846976)",1,g8f6,human
"(2181918720, 129, 66, 36, 8, 16, 63916844305612800, 9295429630892703744, 2286984185774080, 2305843146652647424, 576460752303423488, 1152921504606846976)",1,f8d6,human
"(2248765440, 129, 66, 36, 8, 16, 63916844305612800, 9295429630892703744, 2286984185774080, 8933531975680, 576460752303423488, 1152921504606846976)",1,e8g8,human
"(2785628160, 129, 66, 36, 8, 16, 63916844305612800, 2377900603251621888, 2286984185774080, 8933531975680, 576460752303423488, 4611686018427387904)",1,f8e8,human
"(2802339840, 129, 66, 36, 8, 16, 63916844305612800, 1224979098644774912, 2286984185774080, 8933531975680, 576460752303423488, 4611686018427387904)",1,e6e5,human
"(3876065280, 129, 66, 36, 8, 16, 63899320839045120, 1224979098644774912, 2286984185774080, 8933531975680, 576460752303423488, 4611686018427387904)",1,f5g4,human
"(550410653696, 129, 66, 36, 8, 16, 63899320839045120, 1224979098644774912, 2286984185774080, 8797166764032, 576460752303423488, 4611686018427387904)",1,e5e4,human
"(550410653696, 384, 66, 36, 8, 16, 63899252388003840, 1224979098644774912, 2286984185774080, 8797166764032, 576460752303423488, 4611686018427387904)",1,e4d3,human
"(550410129408, 384, 66, 16388, 8, 16, 63899252120092672, 1224979098644774912, 2286984185774080, 8797166764032, 576460752303423488, 4611686018427387904)",1,d3e2,human
"(65280, 129, 66, 36, 8, 16, 71776119061217280, 9295429630892703744, 4755801206503243776, 2594073385365405696, 576460752303423488, 1152921504606846976)",0,d2d4,human
"(134280960, 129, 66, 36, 8, 16, 67290111619891200, 9295429630892703744, 4755801206503243776, 2594073385365405696, 576460752303423488, 1152921504606846976)",0,c1f4,human
"(134280960, 129, 66, 536870944, 8, 16, 67290111619891200, 9295429630892703744, 4755801206503243776, 2594073385365405696, 576460752303423488, 4503599627370496)",0,e2e3,human
"(135325440, 129, 66, 536870944, 8, 16, 67272588153323520, 9295429630892703744, 4755801206503243776, 2594073385365405696, 576460752303423488, 4503599627370496)",0,f4e5,human
"(135325440, 129, 66, 68719476768, 8, 16, 58265457618059264, 9295429630892703744, 4755801206503243776, 2594073385365405696, 576460752303423488, 4503599627370496)",0,g1f3,human
"(135325440, 129, 2097154, 68719476768, 8, 16, 58265320715976704, 9295429630892703744, 4755801206503243776, 2594073385365405696, 576460752303423488, 4503599627370496)",0,e5f4,human
"(135325440, 129, 2097154, 536870944, 8, 16, 58265320179105792, 9295429630892703744, 144255925564211200, 2594073385365405696, 576460752303423488, 4503599627370496)",0,f4g5,human
"(135325440, 129, 2097154, 274877906976, 8, 16, 58265320179105792, 9295429630892703744, 144255925564211200, 2594073385365405696, 576460752303423488, 1152921504606846976)",0,g5d8,human
"(65280, 129, 66, 36, 8, 16, 71776119061217280, 9295429630892703744, 4755801206503243776, 2594073385365405696, 576460752303423488, 1152921504606846976)",0,d2d4,human
"(134280960, 129, 66, 36, 8, 16, 71494648379473920, 9295429630892703744, 4755801206503243776, 2594073385365405696, 576460752303423488, 1152921504606846976)",0,c1f4,human
"(134280960, 129, 66, 536870944, 8, 16, 67008640938147840, 9295429630892703744, 4755801206503243776, 2594073385365405696, 576460752303423488, 1152921504606846976)",0,e2e3,human
"(135325440, 129, 66, 536870944, 8, 16, 67008640938147840, 9295429630892703744, 4755801206503243776, 288239172244733952, 576460752303423488, 1152921504606846976)",0,f4g3,human
"(135325440, 129, 66, 4194336, 8, 16, 67008640938147840, 9295429630892703744, 4755801206503243776, 288239172244733952, 576460752303423488, 2305843009213693952)",0,g1f3,human
"(135325440, 129, 2097154, 4194336, 8, 16, 66991117471580160, 9295429630892703744, 4755801206503243776, 288239172244733952, 576460752303423488, 2305843009213693952)",0,f3e5,human
"(135325440, 129, 68719476738, 4194336, 8, 16, 66991048752103424, 9295429630892703744, 4755801206503243776, 288239172244733952, 576460752303423488, 1152921504606846976)",0,c2c3,human
"(135586560, 129, 68719476738, 4194336, 8, 16, 66991048752103424, 9295429630892703744, 144150372447944704, 288239172244733952, 576460752303423488, 1152921504606846976)",0,b1d2,human
"(135586560, 129, 68719478784, 4194336, 8, 16, 66991048752103424, 9295429630892703744, 144115737831669760, 288239172244733952, 576460752303423488, 1152921504606846976)",0,d1h5,human
"(135586560, 129, 68719478784, 4194336, 549755813888, 16, 65865166025129984, 9295429630892703744, 144115188075855872, 288239172244733952, 576460752303423488, 1152921504606846976)",0,h5f7,human
"(65280, 129, 66, 36, 8, 16, 71776119061217280, 9295429630892703744, 4755801206503243776, 2594073385365405696, 576460752303423488, 1152921504606846976)",0,d2d4,human
"(134280960, 129, 66, 36, 8, 16, 71215368131051520, 9295429630892703744, 4755801206503243776, 2594073385365405696, 576460752303423488, 1152921504606846976)",0,c1f4,human
"(134280960, 129, 66, 536870944, 8, 16, 70934992665968640, 9295429630892703744, 4755801206503243776, 2594073385365405696, 576460752303423488, 1152921504606846976)",0,e2e3,human
"(135325440, 129, 66, 536870944, 8, 16, 70934992665968640, 9223653511831486464, 4755801206503243776, 2594073385365405696, 576460752303423488, 1152921504606846976)",0,g1f3,human
"(135325440, 129, 2097154, 536870944, 8, 16, 52990962900664320, 9223653511831486464, 4755801206503243776, 2594073385365405696, 576460752303423488, 1152921504606846976)",0,c2c3,human
"(135586560, 129, 2097154, 536870944, 8, 16, 51869461040332800, 9223653511831486464, 4755801206503243776, 2594073385365405696, 576460752303423488, 1152921504606846976)",0,b1d2,human
"(135586560, 129, 2099200, 536870944, 8, 16, 47365930132439040, 9223653511831486464, 4755801206503243776, 2594073385365405696, 576460752303423488, 1152921504606846976)",0,f4e5,human
"(135586560, 129, 2099200, 68719476768, 8, 16, 47365861412962304, 9223653511831486464, 4755801206503243776, 306244774661193728, 576460752303423488, 1152921504606846976)",0,e5g7,human
"(135586560, 129, 2099200, 18014398509482016, 8, 16, 47365861412962304, 9223653511831486464, 4755801206503243776, 288230376151711744, 35184372088832, 1152921504606846976)",0,g7f6,human
"(135586560, 129, 2099200, 35184372088864, 8, 16, 47365861412962304, 9223653511831486464, 4755801206503243776, 562949953421312, 0, 1152921504606846976)",0,f6h8,human
"(65280, 129, 66, 36, 8, 16, 71776119061217280, 9295429630892703744, 4755801206503243776, 2594073385365405696, 576460752303423488, 1152921504606846976)",0,d2d4,human
"(134280960, 129, 66, 36, 8, 16, 71776119061217280, 9295429630892703744, 144150372447944704, 2594073385365405696, 576460752303423488, 1152921504606846976)",0,c1f4,human
"(134280960, 129, 66, 536870944, 8, 16, 53832089295912960, 9295429630892703744, 144150372447944704, 2594073385365405696, 576460752303423488, 1152921504606846976)",0,b1c3,human
"(134280960, 129, 262208, 536870944, 8, 16, 53832089295912960, 9295429630892703744, 144115189149597696, 2594073385365405696, 576460752303423488, 1152921504606846976)",0,e2e4,human
"(402712320, 129, 262208, 536870944, 8, 16, 52706206568939520, 9295429630892703744, 144115189149597696, 2594073385365405696, 576460752303423488, 1152921504606846976)",0,d1g4,human
"(268494592, 129, 262208, 536870944, 1073741824, 16, 52706189523288064, 9295429630892703744, 144115188075855872, 2594073385365405696, 576460752303423488, 1152921504606846976)",0,f4e5,human
"(268494592, 129, 262208, 68719476768, 1073741824, 16, 52706189523288064, 4683743612465315840, 144115188075855872, 2594073385365405696, 576460752303423488, 1152921504606846976)",0,e5d4,human
"(268494592, 129, 262208, 134217760, 1073741824, 16, 52636095522799616, 4683743612465315840, 144115188075855872, 2594073385365405696, 576460752303423488, 1152921504606846976)",0,g1f3,human
"(268494592, 129, 2359296, 134217760, 1073741824, 16, 52636095522799616, 4683743612465315840, 144115188075855872, 306244774661193728, 576460752303423488, 1152921504606846976)",0,g4g5,human
"(268494592, 129, 2359296, 134217760, 274877906944, 16, 52635820644892672, 4683743612465315840, 144115188075855872, 288265560523800576, 576460752303423488, 1152921504606846976)",0,g5g8,human
"(65280, 129, 66, 36, 8, 16, 71776119061217280, 9295429630892703744, 4755801206503243776, 2594073385365405696, 576460752303423488, 1152921504606846976)",0,d2d4,human
"(134280960, 129, 66, 36, 8, 16, 71213177697730560, 9295429630892703744, 4755801206503243776, 2594073385365405696, 576460752303423488, 1152921504606846976)",0,c1f4,human
"(134280960, 129, 66, 536870944, 8, 16, 62241162815078400, 9295429630892703744, 4755801206503243776, 2594073385365405696, 576460752303423488, 1152921504606846976)",0,e2e3,human
"(135325440, 129, 66, 536870944, 8, 16, 61119660954746880, 9295429630892703744, 4755801206503243776, 2594073385365405696, 576460752303423488, 1152921504606846976)",0,c2c3,human
"(135586560, 129, 66, 536870944, 8, 16, 60838190273003520, 9295429630892703744, 4755801206503243776, 2594073385365405696, 576460752303423488, 1152921504606846976)",0,b1d2,human
"(135586560, 129, 2112, 536870944, 8, 16, 60838185994813440, 9295429630892703744, 4755801206503243776, 2594073385365405696, 576460752303423488, 1152921504606846976)",0,g1f3,human
"(135586560, 129, 2099200, 536870944, 8, 16, 58595182274150400, 9295429630892703744, 4755801206503243776, 2594073385365405696, 576460752303423488, 1152921504606846976)",0,f1d3,human
"(135586560, 129, 2099200, 537395200, 8, 16, 58595182274150400, 9295429630892703744, 4755801206503243776, 2594073385365405696, 4294967296, 1152921504606846976)",0,e1g1,human
"(135586560, 33, 2099200, 537395200, 8, 64, 58595182274150400, 9295429630892703744, 4755801206503243776, 2305843146652647424, 4294967296, 1152921504606846976)",0,d3f5,human
"(135586560, 33, 2099200, 137975824384, 8, 64, 22566935011000320, 9295429630892703744, 4755801206503243776, 2305843009213693952, 4294967296, 1152921504606846976)",0,e3e4,human
"(402973440, 33, 2099200, 137975824384, 8, 64, 22566935011000320, 72198331526283264, 4755801206503243776, 2305843009213693952, 4294967296, 1152921504606846976)",0,f4h6,human
"(402973440, 33, 2099200, 137438953472, 8, 64, 4693273989873664, 72057594037927936, 4755801206503243776, 2305843009213693952, 4294967296, 1152921504606846976)",0,d1e2,human
"(402973440, 33, 2099200, 137438953472, 4096, 64, 4693273989873664, 72057594037927936, 4755801206503243776, 2305843009213693952, 33554432, 1152921504606846976)",0,c3b4,human
"(436265728, 33, 2099200, 137438953472, 4096, 64, 4693273989873664, 72057594037927936, 4755801206503243776, 18014398509481984, 0, 1152921504606846976)",0,a1c1,human
"(436265728, 36, 2099200, 137438953472, 4096, 64, 4693273989873664, 281474976710656, 4755801206503243776, 18014398509481984, 0, 1152921504606846976)",0,a2a3,human
"(436331008, 36, 2099200, 137438953472, 4096, 64, 4684512256589824, 281474976710656, 4755801206503243776, 18014398509481984, 0, 1152921504606846976)",0,e4d5,human
"(34527633920, 36, 2099200, 137438953472, 4096, 64, 198470455525376, 281474976710656, 4755801206503243776, 18014398509481984, 0, 1152921504606846976)",0,e2e6,human
"(34527633920, 36, 2099200, 137438953472, 17592186044416, 64, 180878269480960, 4503599627370496, 4755801206503243776, 18014398509481984, 0, 1152921504606846976)",0,e6c8,human
"(34527633920, 36, 2099200, 137438953472, 288230376151711744, 64, 180878269480960, 4503599627370496, 4755801206503243776, 18014398509481984, 0, 9007199254740992)",0,c8b8,human
"(34527633920, 36, 2099200, 137438953472, 144115188075855872, 64, 180878269480960, 16, 4611686018427387904, 18014398509481984, 0, 9007199254740992)",0,f1e1,human
"(34527633920, 20, 2099200, 137438953472, 144115188075855872, 64, 180878269480960, 0, 4611686018427387904, 9223372036854775808, 0, 9007199254740992)",0,b8e8,human
"(34527633920, 20, 2099200, 137438953472, 1152921504606846976, 64, 180878269480960, 0, 4611686018427387904, 9223372036854775808, 0, 18014398509481984)",0,c1c6,human
"(34527633920, 4398046511120, 2099200, 137438953472, 1152921504606846976, 64, 176480222969856, 0, 4503599627370496, 9223372036854775808, 0, 18014398509481984)",0,e1e7,human
"(134280960, 129, 66, 36, 8, 16, 71776119061217280, 9295429630892703744, 4755801206503243776, 2594073385365405696, 576460752303423488, 1152921504606846976)",1,d7d6,human
"(134280960, 129, 66, 536870944, 8, 16, 69533115340554240, 9295429630892703744, 4755801206503243776, 2594073385365405696, 576460752303423488, 1152921504606846976)",1,g8f6,human
"(134280960, 129, 262208, 536870944, 8, 16, 69533115340554240, 9295429630892703744, 144150372447944704, 2594073385365405696, 576460752303423488, 1152921504606846976)",1,g7g6,human
"(402712320, 129, 262208, 536870944, 8, 16, 51589085575249920, 9295429630892703744, 144150372447944704, 2594073385365405696, 576460752303423488, 1152921504606846976)",1,f8g7,human
"(402712320, 129, 262208, 8796093022240, 8, 16, 51580289482227712, 9295429630892703744, 144150372447944704, 306244774661193728, 576460752303423488, 1152921504606846976)",1,c7d6,human
"(419489280, 129, 262208, 32, 8, 16, 50463185668407296, 9295429630892703744, 144150372447944704, 306244774661193728, 576460752303423488, 1152921504606846976)",1,e8g8,human
"(65280, 129, 66, 36, 8, 16, 71776119061217280, 9295429630892703744, 4755801206503243776, 2594073385365405696, 576460752303423488, 1152921504606846976)",0,d2d4,human
"(134280960, 129, 66, 36, 8, 16, 69533115340554240, 9295429630892703744, 4755801206503243776, 2594073385365405696, 576460752303423488, 1152921504606846976)",0,c1f4,human
"(134280960, 129, 66, 536870944, 8, 16, 69533115340554240, 9295429630892703744, 144150372447944704, 2594073385365405696, 576460752303423488, 1152921504606846976)",0,b1c3,human
"(134280960, 129, 262208, 536870944, 8, 16, 51589085575249920, 9295429630892703744, 144150372447944704, 2594073385365405696, 576460752303423488, 1152921504606846976)",0,e2e4,human
"(65280, 129, 66, 36, 8, 16, 71776119061217280, 9295429630892703744, 4755801206503243776, 2594073385365405696, 576460752303423488, 1152921504606846976)",0,d2d4,human
"(134280960, 129, 66, 36, 8, 16, 69533115340554240, 9295429630892703744, 4755801206503243776, 2594073385365405696, 576460752303423488, 1152921504606846976)",0,c1f4,human
"(65280, 129, 66, 36, 8, 16, 71776119061217280, 9295429630892703744, 4755801206503243776, 2594073385365405696, 576460752303423488, 1152921504606846976)",0,d2d4,human
"(134280960, 129, 66, 36, 8, 16, 71776119061217280, 9295429630892703744, 4611687117939015680, 2594073385365405696, 576460752303423488, 1152921504606846976)",0,c1f4,human
"(134280960, 129, 66, 536870944, 8, 16, 70650236334243840, 9295429630892703744, 4611687117939015680, 2594073385365405696, 576460752303423488, 1152921504606846976)",0,e2e3,human
"(135325440, 129, 66, 536870944, 8, 16, 70650236334243840, 9295429630892703744, 4611687117939015680, 2594073385365405696, 1125899906842624, 1152921504606846976)",0,f4c7,human
"(65280, 129, 66, 36, 8, 16, 71776119061217280, 9295429630892703744, 4755801206503243776, 2594073385365405696, 576460752303423488, 1152921504606846976)",0,d2d4,human
"(134280960, 129, 66, 36, 8, 16, 35888059530608640, 9295429630892703744, 4755801206503243776, 2594073385365405696, 576460752303423488, 1152921504606846976)",0,c1f4,human
"(134280960, 129, 66, 536870944, 8, 16, 17944029765304320, 9295429630892703744, 4755801206503243776, 2594073385365405696, 576460752303423488, 1152921504606846976)",0,e2e3,human
"(135325440, 129, 66, 536870944, 8, 16, 17663654300221440, 9295429630892703744, 4755801206503243776, 2594073385365405696, 576460752303423488, 1152921504606846976)",0,g1f3,human
"(135325440, 129, 2097154, 536870944, 8, 16, 17663654300221440, 9295429630892703744, 144150372447944704, 2594073385365405696, 576460752303423488, 1152921504606846976)",0,c2c4,human
"(202433280, 129, 2097154, 536870944, 8, 16, 17102903370055680, 9295429630892703744, 144150372447944704, 2594073385365405696, 576460752303423488, 1152921504606846976)",0,b1c3,human
"(202433280, 129, 2359296, 536870944, 8, 16, 17102903370055680, 9223653511831486464, 144150372447944704, 2594073385365405696, 576460752303423488, 1152921504606846976)",0,f1d3,human
"(202433280, 129, 2359296, 537395200, 8, 16, 17102903370055680, 36310271995674624, 144150372447944704, 2594073385365405696, 576460752303423488, 1152921504606846976)",0,e1g1,human
"(65280, 129, 66, 36, 8, 16, 71776119061217280, 9295429630892703744, 4755801206503243776, 2594073385365405696, 576460752303423488, 1152921504606846976)",0,d2d4,human
"(134280960, 129, 66, 36, 8, 16, 71494648379473920, 9295429630892703744, 4755801206503243776, 2594073385365405696, 576460752303423488, 1152921504606846976)",0,c1f4,human
"(134280960, 129, 66, 536870944, 8, 16, 69242882925527040, 9295429630892703744, 4755801206503243776, 2594073385365405696, 576460752303423488, 1152921504606846976)",0,e2e3,human
"(135325440, 129, 66, 536870944, 8, 16, 60270868042874880, 9295429630892703744, 4755801206503243776, 2594073385365405696, 576460752303423488, 1152921504606846976)",0,g1f3,human
"(135325440, 129, 2097154, 536870944, 8, 16, 42326838277570560, 9295429630892703744, 4755801206503243776, 2594073385365405696, 576460752303423488, 1152921504606846976)",0,c2c3,human
"(135586560, 129, 2097154, 536870944, 8, 16, 6438778746961920, 9295429630892703744, 4755801206503243776, 2594073385365405696, 576460752303423488, 1152921504606846976)",0,b1d2,human
"(135586560, 129, 2099200, 536870944, 8, 16, 5317276886630400, 9295429630892703744, 4755801206503243776, 2594073385365405696, 576460752303423488, 1152921504606846976)",0,f1d3,human
"(65280, 129, 66, 36, 8, 16, 71776119061217280, 9295429630892703744, 4755801206503243776, 2594073385365405696, 576460752303423488, 1152921504606846976)",0,d2d4,human
"(134280960, 129, 66, 36, 8, 16, 35747871798067200, 9295429630892703744, 4755801206503243776, 2594073385365405696, 576460752303423488, 1152921504606846976)",0,c1f4,human
"(134280960, 129, 66, 536870944, 8, 16, 17803842032762880, 9295429630892703744, 4755801206503243776, 2594073385365405696, 576460752303423488, 1152921504606846976)",0,e2e3,human
"(135325440, 129, 66, 536870944, 8, 16, 16677959305789440, 9295429630892703744, 4755801206503243776, 2594073385365405696, 576460752303423488, 1152921504606846976)",0,c2c3,human
"(135586560, 129, 66, 536870944, 8, 16, 16677411697459200, 9295429630892703744, 4755801206503243776, 2594073385365405696, 576460752303423488, 1152921504606846976)",0,b1d2,human
"(135586560, 129, 2112, 536870944, 8, 16, 16677411697459200, 9295429630892703744, 4611687117939015680, 2594073385365405696, 576460752303423488, 1152921504606846976)",0,g1f3,human
"(135586560, 129, 2099200, 536870944, 8, 16, 12191404256133120, 9295429630892703744, 4611687117939015680, 2594073385365405696, 576460752303423488, 1152921504606846976)",0,f1d3,human
"(65280, 129, 66, 36, 8, 16, 71776119061217280, 9295429630892703744, 4755801206503243776, 2594073385365405696, 576460752303423488, 1152921504606846976)",0,d2d4,human
"(134280960, 129, 66, 36, 8, 16, 71776119061217280, 9295429630892703744, 4611690416473899008, 2594073385365405696, 576460752303423488, 1152921504606846976)",0,c1f4,human
"(134280960, 129, 66, 536870944, 8, 16, 62804104178565120, 9295429630892703744, 4611690416473899008, 2594073385365405696, 576460752303423488, 1152921504606846976)",0,e2e3,human
"(135325440, 129, 66, 536870944, 8, 16, 62804104178565120, 9295429630892703744, 4611690416473899008, 2594073385365405696, 576460752303423488, 9007199254740992)",0,b1c3,human
"(135325440, 129, 262208, 536870944, 8, 16, 62804104178565120, 9295429630892703744, 4755801206503243776, 2594073385365405696, 576460752303423488, 9007199254740992)",0,c3d5,human
"(135325440, 129, 34359738432, 536870944, 8, 16, 62804104178565120, 9295429630892703744, 4755801206503243776, 2594073385365405696, 1152921504606846976, 9007199254740992)",0,d5c7,human
"(135325440, 129, 1125899906842688, 536870944, 8, 16, 59426438817775616, 9295429630892703744, 4755801206503243776, 2594073385365405696, 1152921504606846976, 9007199254740992)",0,c7e8,human
"(65280, 129, 66, 36, 8, 16, 71776119061217280, 9295429630892703744, 4755801206503243776, 2594073385365405696, 576460752303423488, 1152921504606846976)",0,d2d4,human
"(134280960, 129, 66, 36, 8, 16, 71215368131051520, 9295429630892703744, 4755801206503243776, 2594073385365405696, 576460752303423488, 1152921504606846976)",0,c1f4,human
"(134280960, 129, 66, 536870944, 8, 16, 71215368131051520, 9295429630892703744, 144150372447944704, 2594073385365405696, 576460752303423488, 1152921504606846976)",0,e2e3,human
"(135325440, 129, 66, 536870944, 8, 16, 71213177697730560, 9295429630892703744, 144150372447944704, 2594073385365405696, 576460752303423488, 1152921504606846976)",0,f1b5,human
"(135325440, 129, 66, 9126805504, 8, 16, 71213169107795968, 9295429630892703744, 36283883716608, 2594073385365405696, 576460752303423488, 1152921504606846976)",0,c2c3,human
"(135586560, 129, 66, 9126805504, 8, 16, 71213169107795968, 9295429630892703744, 35184405643264, 2594073385365405696, 576460752303423488, 1152921504606846976)",0,c3b4,human
"(168878848, 129, 66, 9126805504, 8, 16, 53269139342491648, 9295429630892703744, 35184372088832, 2594073385365405696, 576460752303423488, 1152921504606846976)",0,b1c3,human
"(168878848, 129, 262208, 9126805504, 8, 16, 53269139342491648, 4683743612465315840, 35184372088832, 2594073385365405696, 576460752303423488, 1152921504606846976)",0,g1f3,human
"(168878848, 129, 2359296, 9126805504, 8, 16, 53269139342491648, 4683743612465315840, 35184372088832, 288371113640067072, 576460752303423488, 1152921504606846976)",0,f4h6,human
"(168878848, 129, 2359296, 140746078289920, 8, 16, 53269139342491648, 4683743612465315840, 1073741824, 288230376151711744, 576460752303423488, 1152921504606846976)",0,h6f4,human
"(167830272, 129, 2359296, 9126805504, 8, 16, 53269139342491648, 4683743612465315840, 1048576, 288230376151711744, 576460752303423488, 1152921504606846976)",0,f2e3,human
"(168870656, 129, 2359296, 9126805504, 8, 16, 17381079811883008, 4683743612465315840, 0, 288230376151711744, 576460752303423488, 1152921504606846976)",0,e1g1,human
"(168870656, 33, 2359296, 9126805504, 8, 64, 12877548903989248, 4683743612465315840, 0, 288230376151711744, 576460752303423488, 1152921504606846976)",0,f4e5,human
"(168870656, 33, 2359296, 77309411328, 8, 64, 12737292451971072, 4683743612465315840, 0, 288230376151711744, 576460752303423488, 1152921504606846976)",0,a1c1,human
"(168870656, 36, 2359296, 77309411328, 8, 64, 12737292451971072, 4683743612465315840, 0, 288230376151711744, 2147483648, 1152921504606846976)",0,f3h4,human
"(168870656, 36, 2147745792, 77309411328, 8, 64, 12737292451971072, 4683743612465315840, 0, 288230376151711744, 0, 2305843009213693952)",0,b5d3,human
"(168870656, 36, 2147745792, 68720001024, 8, 64, 12456916986888192, 4683743612465315840, 0, 288230376151711744, 0, 2305843009213693952)",0,d3g6,human
"(168870656, 36, 2147745792, 70437463654400, 8, 64, 12385453026050048, 4683743612465315840, 0, 288230376151711744, 0, 2305843009213693952)",0,f1f7,human
"(168870656, 9007199254740996, 2147745792, 70437463654400, 8, 64, 3378253771309056, 4683743612465315840, 0, 288230376151711744, 0, 1152921504606846976)",0,f7g7,human
"(168870656, 18014398509481988, 2147745792, 70437463654400, 8, 64, 3378253771309056, 4683743612465315840, 0, 288230376151711744, 0, 2305843009213693952)",0,g7f7,human
"(168870656, 9007199254740996, 2147745792, 70437463654400, 8, 64, 3378253771309056, 4683743612465315840, 0, 288230376151711744, 0, 1152921504606846976)",0,e5c7,human
"(168870656, 9007199254740996, 2147745792, 1196268651020288, 8, 64, 9350143803392, 4683743612465315840, 0, 288230376151711744, 0, 1152921504606846976)",0,c7d6,human
"(65280, 129, 66, 36, 8, 16, 71776119061217280, 9295429630892703744, 4755801206503243776, 2594073385365405696, 576460752303423488, 1152921504606846976)",0,d2d4,human
"(134280960, 129, 66, 36, 8, 16, 53761995429642240, 9295429630892703744, 4755801206503243776, 2594073385365405696, 576460752303423488, 1152921504606846976)",0,c1g5,human
"(134280960, 129, 66, 274877906976, 8, 16, 53761720551735296, 9295429630892703744, 4755801206503243776, 306244774661193728, 576460752303423488, 1152921504606846976)",0,e2e3,human
"(135325440, 129, 66, 274877906976, 8, 16, 53761720551735296, 9295429630892703744, 4755801206503243776, 306244774661193728, 576460752303423488, 2305843009213693952)",0,c2c3,human
"(135586560, 129, 66, 274877906976, 8, 16, 53200969621569536, 9295429630892703744, 4755801206503243776, 306244774661193728, 576460752303423488, 2305843009213693952)",0,b1d2,human
"(135586560, 129, 2112, 274877906976, 8, 16, 52079467761238016, 9295429630892703744, 4755801206503243776, 306244774661193728, 576460752303423488, 2305843009213693952)",0,g1f3,human
"(135586560, 129, 2099200, 274877906976, 8, 16, 52079467761238016, 9295429630892703744, 4755801206503243776, 288371113640067072, 576460752303423488, 2305843009213693952)",0,g5h4,human
"(65280, 129, 66, 36, 8, 16, 71776119061217280, 9295429630892703744, 4755801206503243776, 2594073385365405696, 576460752303423488, 1152921504606846976)",0,d2d4,human
"(134280960, 129, 66, 36, 8, 16, 71776119061217280, 9295429630892703744, 4611690416473899008, 2594073385365405696, 576460752303423488, 1152921504606846976)",0,c1f4,human
"(134280960, 129, 66, 536870944, 8, 16, 71776119061217280, 9295429630892703744, 4755801206503243776, 2594073385365405696, 576460752303423488, 1152921504606846976)",0,e2e3,human
"(135325440, 129, 66, 536870944, 8, 16, 67290111619891200, 9295429630892703744, 4755801206503243776, 2594073385365405696, 576460752303423488, 1152921504606846976)",0,g1f3,human
"(135325440, 129, 2097154, 536870944, 8, 16, 67009736154808320, 9295429630892703744, 4755801206503243776, 2594073385365405696, 576460752303423488, 1152921504606846976)",0,c2c3,human
"(135586560, 129, 2097154, 536870944, 8, 16, 67009736154808320, 9295429630892703744, 144150372447944704, 2594073385365405696, 576460752303423488, 1152921504606846976)",0,b1d2,human
"(135586560, 129, 2099200, 536870944, 8, 16, 65883853427834880, 9295429630892703744, 144150372447944704, 2594073385365405696, 576460752303423488, 1152921504606846976)",0,f1d3,human
"(135586560, 129, 2099200, 537395200, 8, 16, 65883836315074560, 9295429630892703744, 144150372447944704, 2594073385365405696, 576460752303423488, 1152921504606846976)",0,d3c4,human
"(65280, 129, 66, 36, 8, 16, 71776119061217280, 9295429630892703744, 4755801206503243776, 2594073385365405696, 576460752303423488, 1152921504606846976)",0,d2d4,human
"(134280960, 129, 66, 36, 8, 16, 62804104178565120, 9295429630892703744, 4755801206503243776, 2594073385365405696, 576460752303423488, 1152921504606846976)",0,c1f4,human
"(134280960, 129, 66, 536870944, 8, 16, 62522633496821760, 9295429630892703744, 4755801206503243776, 2594073385365405696, 576460752303423488, 1152921504606846976)",0,e2e3,human
"(135325440, 129, 66, 536870944, 8, 16, 62522633496821760, 9295429630892703744, 4755801206503243776, 2594073385365405696, 576460752303423488, 9007199254740992)",0,g1f3,human
"(135325440, 129, 2097154, 536870944, 8, 16, 62522633496821760, 9223653511831486464, 4755801206503243776, 2594073385365405696, 576460752303423488, 9007199254740992)",0,c2c3,human
"(135586560, 129, 2097154, 536870944, 8, 16, 62522633496821760, 9223373136366403584, 4755801206503243776, 2594073385365405696, 576460752303423488, 9007199254740992)",0,f1a6,human
"(65280, 129, 66, 36, 8, 16, 71776119061217280, 9295429630892703744, 4755801206503243776, 2594073385365405696, 576460752303423488, 1152921504606846976)",0,d2d4,human
"(134280960, 129, 66, 36, 8, 16, 71215368131051520, 9295429630892703744, 4755801206503243776, 2594073385365405696, 576460752303423488, 1152921504606846976)",0,c1f4,human
"(134280960, 129, 66, 536870944, 8, 16, 70934992665968640, 9295429630892703744, 4755801206503243776, 2594073385365405696, 576460752303423488, 1152921504606846976)",0,e2e3,human
"(135325440, 129, 66, 536870944, 8, 16, 68683227212021760, 9295429630892703744, 4755801206503243776, 2594073385365405696, 576460752303423488, 1152921504606846976)",0,g1f3,human
"(135325440, 129, 2097154, 536870944, 8, 16, 68683227212021760, 9295429630892703744, 4755801206503243776, 2305860601399738368, 576460752303423488, 1152921504606846976)",0,c2c3,human
"(135586560, 129, 2097154, 536870944, 8, 16, 68683227212021760, 9295429630892703744, 4755801206503243776, 2305860601399738368, 576460752303423488, 2251799813685248)",0,b1d2,human
"(135586560, 129, 2099200, 536870944, 8, 16, 68683227212021760, 9295429630892703744, 4755801206503243776, 2305843009222082560, 576460752303423488, 2251799813685248)",0,g2h3,human
"(143958784, 129, 2099200, 536870944, 8, 16, 32654979948871680, 9295429630892703744, 4755801206503243776, 2305843009213693952, 576460752303423488, 2251799813685248)",0,d1c2,human
"(143958784, 129, 2099200, 536870944, 1024, 16, 23647918133084160, 9295429630892703744, 4755801206503243776, 2305843009213693952, 576460752303423488, 2251799813685248)",0,e1c1,human
"(65280, 129, 66, 36, 8, 16, 71776119061217280, 9295429630892703744, 4755801206503243776, 2594073385365405696, 576460752303423488, 1152921504606846976)",0,d2d4,human
"(134280960, 129, 66, 36, 8, 16, 67272588153323520, 9295429630892703744, 4755801206503243776, 2594073385365405696, 576460752303423488, 1152921504606846976)",0,d4e5,human
"(68719539968, 129, 66, 36, 8, 16, 49328489668542464, 9295429630892703744, 4755801206503243776, 2594073385365405696, 576460752303423488, 1152921504606846976)",0,g1f3,human
"(68719539968, 129, 2097154, 36, 8, 16, 13300242405392384, 9295429630892703744, 4755801206503243776, 2594073385365405696, 576460752303423488, 1152921504606846976)",0,b1c3,human
"(68719539968, 129, 2359296, 36, 8, 16, 13300242405392384, 9295429630892703744, 4755801206503243776, 288230393331580928, 576460752303423488, 1152921504606846976)",0,c1g5,human
"(68719539968, 129, 2359296, 274877906976, 8, 16, 13300242405392384, 9295429630892703744, 4755801206503243776, 288230376151777280, 576460752303423488, 1152921504606846976)",0,g5d8,human
"(65280, 129, 66, 36, 8, 16, 71776119061217280, 9295429630892703744, 4755801206503243776, 2594073385365405696, 576460752303423488, 1152921504606846976)",0,d2d4,human
"(134280960, 129, 66, 36, 8, 16, 69524353607270400, 9295429630892703744, 4755801206503243776, 2594073385365405696, 576460752303423488, 1152921504606846976)",0,c2c4,human
"(201388800, 129, 66, 36, 8, 16, 65038346165944320, 9295429630892703744, 4755801206503243776, 2594073385365405696, 576460752303423488, 1152921504606846976)",0,g1f3,human
"(201388800, 129, 2097154, 36, 8, 16, 65038346165944320, 9295429630892703744, 4755801206503243776, 2594073385365405696, 576460752303423488, 2251799813685248)",0,f3e5,human
"(201388800, 129, 68719476738, 36, 8, 16, 65038346165944320, 9295429630892703744, 4755801206503243776, 2594073385365405696, 576460752303423488, 8796093022208)",0,c4c5,human
"(17314149120, 129, 68719476738, 36, 8, 16, 65038346165944320, 9295429630892703744, 4755801206503243776, 2594073385365405696, 576460752303423488, 4503599627370496)",0,g2g3,human
"(17318327040, 129, 68719476738, 36, 8, 16, 65038346165944320, 9295429630892703744, 4613937818241073152, 2594073385365405696, 576460752303423488, 4503599627370496)",0,f1g2,human
"(138457856, 129, 68719476738, 16388, 8, 16, 65038346165944320, 9295429630892703744, 4611686035607257088, 2594073385365405696, 576460752303423488, 4503599627370496)",0,d4c5,human
"(17184109312, 129, 68719476738, 16388, 8, 16, 63916844305612800, 9295429630892703744, 4611686018427387904, 2594073385365405696, 576460752303423488, 4503599627370496)",0,e1g1,human
"(65280, 129, 66, 36, 8, 16, 71776119061217280, 9295429630892703744, 4755801206503243776, 2594073385365405696, 576460752303423488, 1152921504606846976)",0,d2d4,human
"(134280960, 129, 66, 36, 8, 16, 67272588153323520, 9295429630892703744, 4755801206503243776, 2594073385365405696, 576460752303423488, 1152921504606846976)",0,d4e5,human
"(68719539968, 129, 66, 36, 8, 16, 67272519433846784, 9295429630892703744, 4755801206503243776, 2594073385365405696, 274877906944, 1152921504606846976)",0,c1g5,human
"(68719539968, 129, 66, 274877906976, 8, 16, 67272519433846784, 9295429630892703744, 4611687117939015680, 2594073385365405696, 0, 1152921504606846976)",0,g1f3,human
"(68719539968, 129, 2097154, 274877906976, 8, 16, 31244272170696704, 9295429630892703744, 4611687117939015680, 2594073385365405696, 0, 1152921504606846976)",0,e2e3,human
"(68720584448, 129, 2097154, 274877906976, 8, 16, 31244272170696704, 9295429630892703744, 4611687117939015680, 288230393331580928, 0, 1152921504606846976)",0,b1c3,human
"(68720584448, 129, 2359296, 274877906976, 8, 16, 31244272170696704, 9295429630892703744, 4611687117939015680, 288230376151777280, 0, 1152921504606846976)",0,b2a3,human
"(65280, 129, 66, 36, 8, 16, 71776119061217280, 9295429630892703744, 4755801206503243776, 2594073385365405696, 576460752303423488, 1152921504606846976)",0,d2d4,human
"(134280960, 129, 66, 36, 8, 16, 71215368131051520, 9295429630892703744, 4755801206503243776, 2594073385365405696, 576460752303423488, 1152921504606846976)",0,c1f4,human
"(134280960, 129, 66, 536870944, 8, 16, 71215368131051520, 9295429630892703744, 4611690416473899008, 2594073385365405696, 576460752303423488, 1152921504606846976)",0,e2e3,human
"(135325440, 129, 66, 536870944, 8, 16, 68963602677104640, 9295429630892703744, 4611690416473899008, 2594073385365405696, 576460752303423488, 1152921504606846976)",0,b1c3,human
"(135325440, 129, 262208, 536870944, 8, 16, 68963602677104640, 9295429630892703744, 4611690416473899008, 2305844108725321728, 576460752303423488, 1152921504606846976)",0,f1a6,human
"(135325440, 129, 262208, 1100048498688, 8, 16, 68963602677104640, 9295429630892703744, 4755801206503243776, 2305843009213693952, 576460752303423488, 1152921504606846976)",0,a6b7,human
"(135325440, 129, 262208, 562950490292224, 8, 16, 64460071769210880, 9295429630892703744, 4755801206503243776, 2305843009213693952, 576460752303423488, 1152921504606846976)",0,f4e5,human
"(135325440, 129, 262208, 563018672898048, 8, 16, 64460003049734144, 9295429630892703744, 4755801206503243776, 2305843009213693952, 274877906944, 1152921504606846976)",0,d1f3,human
"(135325440, 129, 262208, 563018672898048, 2097152, 16, 64460003049734144, 9295429630892703744, 4755801206503243776, 17179869184, 274877906944, 1152921504606846976)",0,d4c5,human
"(17180976896, 129, 262208, 563018672898048, 2097152, 16, 64460003049734144, 9295429630892703744, 4755801206503243776, 0, 70368744177664, 1152921504606846976)",0,b7a8,human
"(65280, 129, 66, 36, 8, 16, 71776119061217280, 9295429630892703744, 4755801206503243776, 2594073385365405696, 576460752303423488, 1152921504606846976)",0,d2d4,human
"(134280960, 129, 66, 36, 8, 16, 71776119061217280, 9295429630892703744, 4611687117939015680, 2594073385365405696, 576460752303423488, 1152921504606846976)",0,c1f4,human
"(134280960, 129, 66, 536870944, 8, 16, 70650236334243840, 9295429630892703744, 4611687117939015680, 2594073385365405696, 576460752303423488, 1152921504606846976)",0,e2e3,human
"(1107712, 129, 66, 536870944, 8, 16, 70650219288592384, 9295429630892703744, 4611687117939015680, 2594073385365405696, 576460752303423488, 1152921504606846976)",0,e3d4,human
"(134276864, 129, 66, 536870944, 8, 16, 70089468224208896, 9295429630892703744, 4611687117939015680, 2594073385365405696, 576460752303423488, 1152921504606846976)",0,c2c3,human
"(134537984, 129, 66, 536870944, 8, 16, 34201408693600256, 9295429630892703744, 4611687117939015680, 2594073385365405696, 576460752303423488, 1152921504606846976)",0,b1d2,human
"(134537984, 129, 2112, 536870944, 8, 16, 25229393810948096, 9295429630892703744, 4611687117939015680, 2594073385365405696, 576460752303423488, 1152921504606846976)",0,g1f3,human
"(134537984, 129, 2099200, 536870944, 8, 16, 7285364045643776, 9295429630892703744, 4611687117939015680, 2594073385365405696, 576460752303423488, 1152921504606846976)",0,f1d3,human
"(134537984, 129, 2099200, 537395200, 8, 16, 5042360324980736, 9295429630892703744, 4611687117939015680, 2594073385365405696, 576460752303423488, 1152921504606846976)",0,d3g6,human
"(134537984, 129, 2099200, 70369281048576, 8, 16, 4971991580803072, 9295429630892703744, 4611687117939015680, 2594073385365405696, 576460752303423488, 2251799813685248)",0,e1g1,human
"(65280, 129, 66, 36, 8, 16, 71776119061217280, 9295429630892703744, 4755801206503243776, 2594073385365405696, 576460752303423488, 1152921504606846976)",0,d2d4,human
"(134280960, 129, 66, 36, 8, 16, 71776119061217280, 9295429630892703744, 144150372447944704, 2594073385365405696, 576460752303423488, 1152921504606846976)",0,c1f4,human
"(134280960, 129, 66, 536870944, 8, 16, 71776119061217280, 9295429630892703744, 144115189149597696, 2594073385365405696, 576460752303423488, 1152921504606846976)",0,e2e3,human
"(135325440, 129, 66, 536870944, 8, 16, 71776119061217280, 9295429630892703744, 144255925564211200, 2594073385365405696, 576460752303423488, 1152921504606846976)",0,g1f3,human
"(135325440, 129, 2097154, 536870944, 8, 16, 70650236334243840, 9295429630892703744, 144255925564211200, 2594073385365405696, 576460752303423488, 1152921504606846976)",0,c2c3,human
"(135586560, 129, 2097154, 536870944, 8, 16, 70650219221483520, 9295429630892703744, 144255925564211200, 2594073385365405696, 576460752303423488, 1152921504606846976)",0,f1c4,human
"(135586560, 129, 2097154, 603979776, 8, 16, 70369843689291776, 9295429630892703744, 144255925564211200, 2594073385365405696, 576460752303423488, 1152921504606846976)",0,b1d2,human
"(65280, 129, 66, 36, 8, 16, 71776119061217280, 9295429630892703744, 4755801206503243776, 2594073385365405696, 576460752303423488, 1152921504606846976)",0,d2d4,human
"(134280960, 129, 66, 36, 8, 16, 35888059530608640, 9295429630892703744, 4755801206503243776, 2594073385365405696, 576460752303423488, 1152921504606846976)",0,c1f4,human
"(134280960, 129, 66, 536870944, 8, 16, 35888059530608640, 9295429630892703744, 4611690416473899008, 2594073385365405696, 576460752303423488, 1152921504606846976)",0,e2e3,human
"(135325440, 129, 66, 536870944, 8, 16, 33636294076661760, 9295429630892703744, 4611690416473899008, 2594073385365405696, 576460752303423488, 1152921504606846976)",0,b1c3,human
"(135325440, 129, 262208, 536870944, 8, 16, 15692264311357440, 9295429630892703744, 4611690416473899008, 2594073385365405696, 576460752303423488, 1152921504606846976)",0,c3b5,human
"(135325440, 129, 8589934656, 536870944, 8, 16, 15410793629614080, 9295429630892703744, 4611690416473899008, 2594073385365405696, 576460752303423488, 1152921504606846976)",0,b5c7,human
"(135325440, 129, 1125899906842688, 536870944, 8, 16, 14284893722771456, 9295429630892703744, 4611690416473899008, 2594073385365405696, 576460752303423488, 2251799813685248)",0,c7a8,human
"(65280, 129, 66, 36, 8, 16, 71776119061217280, 9295429630892703744, 4755801206503243776, 2594073385365405696, 576460752303423488, 1152921504606846976)",0,d2d4,human
"(134280960, 129, 66, 36, 8, 16, 71213177697730560, 9295429630892703744, 4755801206503243776, 2594073385365405696, 576460752303423488, 1152921504606846976)",0,c1f4,human
"(134280960, 129, 66, 536870944, 8, 16, 71213169141350400, 9295429630892703744, 4755801206503243776, 2594073385365405696, 576460752303423488, 1152921504606846976)",0,e2e3,human
"(135325440, 129, 66, 536870944, 8, 16, 66727161700024320, 9295429630892703744, 4755801206503243776, 2594073385365405696, 576460752303423488, 1152921504606846976)",0,g1f3,human
"(135325440, 129, 2097154, 536870944, 8, 16, 65601278973050880, 9295429630892703744, 4755801206503243776, 2594073385365405696, 576460752303423488, 1152921504606846976)",0,c2c3,human
"(1368832, 129, 2097154, 536870944, 8, 16, 65601261927399424, 9295429630892703744, 4755801206503243776, 2594073385365405696, 576460752303423488, 1152921504606846976)",0,e3d4,human
"(134537984, 129, 2097154, 536870944, 8, 16, 65583738326614016, 9295429630892703744, 4755801206503243776, 2594073385365405696, 576460752303423488, 1152921504606846976)",0,f4e5,human
"(134537984, 129, 2097154, 68719476768, 8, 16, 65583669607137280, 9295429630892703744, 4755801206503243776, 2594073385365405696, 4503599627370496, 1152921504606846976)",0,b1d2,human
"(134537984, 129, 2099200, 68719476768, 8, 16, 65583669607137280, 9295429630892703744, 144255925564211200, 2594073385365405696, 4503599627370496, 1152921504606846976)",0,f1d3,human
"(134537984, 129, 2099200, 68720001024, 8, 16, 65583669607137280, 9295429630892703744, 141836999983104, 2594073385365405696, 4503599627370496, 1152921504606846976)",0,e1g1,human
"(134537984, 33, 2099200, 68720001024, 8, 64, 65583669607137280, 9295429630892703744, 140754668224512, 2594073385365405696, 4503599627370496, 1152921504606846976)",0,d4c5,human
"(65280, 129, 66, 36, 8, 16, 71776119061217280, 9295429630892703744, 4755801206503243776, 2594073385365405696, 576460752303423488, 1152921504606846976)",0,d2d4,human
"(134280960, 129, 66, 36, 8, 16, 71494648379473920, 9295429630892703744, 4755801206503243776, 2594073385365405696, 576460752303423488, 1152921504606846976)",0,c1f4,human
"(134280960, 129, 66, 536870944, 8, 16, 35606588848865280, 9295429630892703744, 4755801206503243776, 2594073385365405696, 576460752303423488, 1152921504606846976)",0,e2e3,human
"(135325440, 129, 66, 536870944, 8, 16, 31103057940971520, 9295429630892703744, 4755801206503243776, 2594073385365405696, 576460752303423488, 1152921504606846976)",0,f4e5,human
"(135325440, 129, 66, 68719476768, 8, 16, 31102989221494784, 9295429630892703744, 4755801206503243776, 2594073385365405696, 2147483648, 1152921504606846976)",0,g1f3,human
"(65280, 129, 66, 36, 8, 16, 71776119061217280, 9295429630892703744, 4755801206503243776, 2594073385365405696, 576460752303423488, 1152921504606846976)",0,d2d4,human
"(134280960, 129, 66, 36, 8, 16, 71776119061217280, 9295429630892703744, 144150372447944704, 2594073385365405696, 576460752303423488, 1152921504606846976)",0,c1f4,human
"(134280960, 129, 66, 536870944, 8, 16, 71776119061217280, 4683743612465315840, 144150372447944704, 2594073385365405696, 576460752303423488, 1152921504606846976)",0,e2e3,human
"(135325440, 129, 66, 536870944, 8, 16, 67272588153323520, 4683743612465315840, 144150372447944704, 2594073385365405696, 576460752303423488, 1152921504606846976)",0,f4e5,human
"(135325440, 129, 66, 68719476768, 8, 16, 67272519433846784, 4683743612465315840, 144150372447944704, 288230376151777280, 576460752303423488, 1152921504606846976)",0,b1a3,human
"(135325440, 129, 65600, 68719476768, 8, 16, 66992143968763904, 4683743612465315840, 144150372447944704, 288230376151711744, 576460752303423488, 1152921504606846976)",0,g1f3,human
"(135325440, 129, 2162688, 68719476768, 8, 16, 66992143968763904, 4683743612465315840, 144150372447944704, 288230376151711744, 576460752303423488, 2305843009213693952)",0,f1d3,human
"(65280, 129, 66, 36, 8, 16, 71776119061217280, 9295429630892703744, 4755801206503243776, 2594073385365405696, 576460752303423488, 1152921504606846976)",0,d2d4,human
"(65280, 129, 66, 36, 8, 16, 71776119061217280, 9295429630892703744, 4755801206503243776, 2594073385365405696, 576460752303423488, 1152921504606846976)",0,d2d4,human
"(134280960, 129, 66, 36, 8, 16, 71213177697730560, 9295429630892703744, 4755801206503243776, 2594073385365405696, 576460752303423488, 1152921504606846976)",0,c1f4,human
"(134280960, 129, 66, 536870944, 8, 16, 70091675837399040, 9295429630892703744, 4755801206503243776, 2594073385365405696, 576460752303423488, 1152921504606846976)",0,e2e3,human
"(135325440, 129, 66, 536870944, 8, 16, 70091675837399040, 9295429630892703744, 144255925564211200, 2594073385365405696, 576460752303423488, 1152921504606846976)",0,g1f3,human
"(135325440, 129, 2097154, 536870944, 8, 16, 70091675837399040, 9295429630892703744, 144255925564211200, 2594073385365405696, 2199023255552, 1152921504606846976)",0,c2c3,human
"(135586560, 129, 2097154, 536870944, 8, 16, 70091675837399040, 9295429630892703744, 4755801206503243776, 2594073385365405696, 2199023255552, 1152921504606846976)",0,b1d2,human
"(135586560, 129, 2099200, 536870944, 8, 16, 34063428574248960, 9295429630892703744, 4755801206503243776, 2594073385365405696, 2199023255552, 1152921504606846976)",0,f1d3,human
"(135586560, 129, 2099200, 537395200, 8, 16, 34063428574248960, 9295429630892703744, 4755801206503243776, 2594073385365405696, 4294967296, 1152921504606846976)",0,d1b3,human
"(135586560, 129, 2099200, 537395200, 131072, 16, 34063428574248960, 9295429630892703744, 144150372447944704, 2594073385365405696, 4294967296, 1152921504606846976)",0,f3e5,human
"(135586560, 129, 68719478784, 537395200, 131072, 16, 34059047707607040, 9295429630892703744, 144150372447944704, 2594073385365405696, 4294967296, 1152921504606846976)",0,b3f7,human
"(135586560, 129, 68719478784, 537395200, 9007199254740992, 16, 25051848452866048, 9295429630892703744, 144150372447944704, 2594073385365405696, 4294967296, 576460752303423488)",0,e1g1,human
"(65280, 129, 66, 36, 8, 16, 71776119061217280, 9295429630892703744, 4755801206503243776, 2594073385365405696, 576460752303423488, 1152921504606846976)",0,d2d4,human
"(134280960, 129, 66, 36, 8, 16, 71215368131051520, 9295429630892703744, 4755801206503243776, 2594073385365405696, 576460752303423488, 1152921504606846976)",0,c1f4,human
"(134280960, 129, 66, 536870944, 8, 16, 71213177697730560, 9295429630892703744, 4755801206503243776, 2594073385365405696, 576460752303423488, 1152921504606846976)",0,e2e3,human
"(135325440, 129, 66, 536870944, 8, 16, 62206115881943040, 9295429630892703744, 4755801206503243776, 2594073385365405696, 576460752303423488, 1152921504606846976)",0,f1b5,human
"(135325440, 129, 66, 9126805504, 8, 16, 61084605431676928, 9295429630892703744, 4755801206503243776, 2594073385365405696, 576460752303423488, 1152921504606846976)",0,b5d3,human
"(135325440, 129, 66, 537395200, 8, 16, 61084605431676928, 9295429630892703744, 4755801206503243776, 2305844108725321728, 576460752303423488, 1152921504606846976)",0,d3f5,human
"(135325440, 129, 66, 137975824384, 8, 16, 43140438227419136, 9295429630892703744, 4755801206503243776, 2305844108725321728, 576460752303423488, 1152921504606846976)",0,f5d3,human
"(135325440, 129, 66, 537395200, 8, 16, 43140438227419136, 9295429630892703744, 4755801206503243776, 2305843009280802816, 576460752303423488, 1152921504606846976)",0,d3c4,human
"(135325440, 129, 66, 603979776, 8, 16, 43140438227419136, 9295429630892703744, 4755801206503243776, 140737488355328, 576460752303423488, 1152921504606846976)",0,f4e5,human
"(135325440, 129, 66, 68786585600, 8, 16, 43140438227419136, 9295429630892703744, 4755801206503243776, 18014398509481984, 576460752303423488, 1152921504606846976)",0,e5g7,human
"(135325440, 129, 66, 18014398576590848, 8, 16, 42860062762336256, 9295429630892703744, 4755801206503243776, 0, 576460752303423488, 1152921504606846976)",0,g7h8,human
"(135325440, 129, 66, 9223372036921884672, 8, 16, 42789968896065536, 72057594037927936, 4755801206503243776, 0, 576460752303423488, 1152921504606846976)",0,c4g8,human
"(135325440, 129, 66, 13835058055282163712, 8, 16, 42785588029423616, 72057594037927936, 144115188075855872, 0, 576460752303423488, 1152921504606846976)",0,g8d5,human
"(135325440, 129, 66, 9223372071214514176, 8, 16, 42785588029423616, 72057594037927936, 144115188075855872, 0, 1125899906842624, 1152921504606846976)",0,d5a8,human
"(135325440, 129, 66, 9295429630892703744, 8, 16, 6757340766273536, 0, 144115188075855872, 0, 1125899906842624, 1152921504606846976)",0,c2c3,human
"(135586560, 129, 66, 9295429630892703744, 8, 16, 6757340766273536, 0, 144115188075855872, 0, 1125899906842624, 2305843009213693952)",0,d1h5,human
"(135586560, 129, 66, 9295429630892703744, 549755813888, 16, 6756791010459648, 0, 144115188075855872, 0, 281474976710656, 2305843009213693952)",0,h5h6,human
"(135586560, 129, 66, 9295429630892703744, 140737488355328, 16, 6756791010459648, 0, 144115188075855872, 0, 281474976710656, 9007199254740992)",0,h6g7,human
"(135586560, 129, 66, 9295429630892703744, 18014398509481984, 16, 6756791010459648, 0, 144115188075855872, 0, 281474976710656, 1152921504606846976)",0,g7g8,human
"(65280, 129, 66, 36, 8, 16, 71776119061217280, 9295429630892703744, 4755801206503243776, 2594073385365405696, 576460752303423488, 1152921504606846976)",0,d2d4,human
"(134280960, 129, 66, 36, 8, 16, 35747871798067200, 9295429630892703744, 4755801206503243776, 2594073385365405696, 576460752303423488, 1152921504606846976)",0,c1f4,human
"(134280960, 129, 66, 536870944, 8, 16, 26740809982279680, 9295429630892703744, 4755801206503243776, 2594073385365405696, 576460752303423488, 1152921504606846976)",0,e2e3,human
"(135325440, 129, 66, 536870944, 8, 16, 26459339300536320, 9295429630892703744, 4755801206503243776, 2594073385365405696, 576460752303423488, 1152921504606846976)",0,g1f3,human
"(135325440, 129, 2097154, 536870944, 8, 16, 26459339300536320, 9295429630892703744, 144255925564211200, 2594073385365405696, 576460752303423488, 1152921504606846976)",0,f1d3,human
"(135325440, 129, 2097154, 537395200, 8, 16, 21955808392642560, 9295429630892703744, 144255925564211200, 2594073385365405696, 576460752303423488, 1152921504606846976)",0,f4e5,human
"(135325440, 129, 2097154, 68720001024, 8, 16, 21955739673165824, 9295429630892703744, 144115189149597696, 2594073385365405696, 576460752303423488, 1152921504606846976)",0,d3f5,human
"(135325440, 129, 2097154, 206158430208, 8, 16, 21955602234212352, 9223653511831486464, 144115189149597696, 2594073385365405696, 576460752303423488, 1152921504606846976)",0,c2c3,human
"(135586560, 129, 2097154, 206158430208, 8, 16, 21955602234212352, 9223653511831486464, 144115189149597696, 2594073385365405696, 2147483648, 1152921504606846976)",0,e5g3,human
"(65280, 129, 66, 36, 8, 16, 71776119061217280, 9295429630892703744, 4755801206503243776, 2594073385365405696, 576460752303423488, 1152921504606846976)",0,d2d4,human
"(134280960, 129, 66, 36, 8, 16, 69524353607270400, 9295429630892703744, 4755801206503243776, 2594073385365405696, 576460752303423488, 1152921504606846976)",0,c2c4,human
"(134279936, 129, 66, 36, 8, 16, 69524319314640896, 9295429630892703744, 4755801206503243776, 2594073385365405696, 576460752303423488, 1152921504606846976)",0,e2e4,human
"(402711296, 129, 66, 36, 8, 16, 68398436587667456, 9295429630892703744, 4755801206503243776, 2594073385365405696, 576460752303423488, 1152921504606846976)",0,d4d5,human
"(34628231936, 129, 66, 36, 8, 16, 68398436587667456, 9295429630892703744, 4613937818241073152, 2594073385365405696, 576460752303423488, 1152921504606846976)",0,f1c4,human
"(34628231936, 129, 66, 67108868, 8, 16, 32370189257408512, 9295429630892703744, 4613937818241073152, 2594073385365405696, 576460752303423488, 1152921504606846976)",0,b1c3,human
"(65280, 129, 66, 36, 8, 16, 71776119061217280, 9295429630892703744, 4755801206503243776, 2594073385365405696, 576460752303423488, 1152921504606846976)",0,d2d4,human
"(134280960, 129, 66, 36, 8, 16, 70650236334243840, 9295429630892703744, 4755801206503243776, 2594073385365405696, 576460752303423488, 1152921504606846976)",0,d4d5,human
"(34359801600, 129, 66, 36, 8, 16, 61643174518456320, 9295429630892703744, 4755801206503243776, 2594073385365405696, 576460752303423488, 1152921504606846976)",0,b1c3,human
"(34359801600, 129, 262208, 36, 8, 16, 59400170797793280, 9295429630892703744, 4755801206503243776, 2594073385365405696, 576460752303423488, 1152921504606846976)",0,c1f4,human
"(34359801600, 129, 262208, 536870944, 8, 16, 59400170797793280, 9295429630892703744, 4755801206503243776, 2308094809027379200, 576460752303423488, 1152921504606846976)",0,e2e3,human
"(34360846080, 129, 262208, 536870944, 8, 16, 59400170797793280, 9295429630892703744, 4755801206503243776, 2308094809027379200, 1125899906842624, 1152921504606846976)",0,g1f3,human
"(34360846080, 129, 2359296, 536870944, 8, 16, 59400170797793280, 9295429630892703744, 4755801206503243776, 2594073385365405696, 1125899906842624, 1152921504606846976)",0,f1b5,human
"(34360846080, 129, 2359296, 9126805504, 8, 16, 59400170797793280, 9295429630892703744, 4613937818241073152, 2594073385365405696, 1125899906842624, 1152921504606846976)",0,e1g1,human
"(65280, 129, 66, 36, 8, 16, 71776119061217280, 9295429630892703744, 4755801206503243776, 2594073385365405696, 576460752303423488, 1152921504606846976)",0,d2d4,human
"(134280960, 129, 66, 36, 8, 16, 70650236334243840, 9295429630892703744, 4755801206503243776, 2594073385365405696, 576460752303423488, 1152921504606846976)",0,d4d5,human
"(34359801600, 129, 66, 36, 8, 16, 70650236334243840, 9295429630892703744, 144255925564211200, 2594073385365405696, 576460752303423488, 1152921504606846976)",0,e2e4,human
"(34628232960, 129, 66, 36, 8, 16, 61643174518456320, 9295429630892703744, 144255925564211200, 2594073385365405696, 576460752303423488, 1152921504606846976)",0,b1c3,human
"(65280, 129, 66, 36, 8, 16, 71776119061217280, 9295429630892703744, 4755801206503243776, 2594073385365405696, 576460752303423488, 1152921504606846976)",0,d2d4,human
"(134280960, 129, 66, 36, 8, 16, 62769057245429760, 9295429630892703744, 4755801206503243776, 2594073385365405696, 576460752303423488, 1152921504606846976)",0,c1f4,human
"(134280960, 129, 66, 536870944, 8, 16, 26740809982279680, 9295429630892703744, 4755801206503243776, 2594073385365405696, 576460752303423488, 1152921504606846976)",0,e2e3,human
"(135325440, 129, 66, 536870944, 8, 16, 25614927255306240, 9295429630892703744, 4755801206503243776, 2594073385365405696, 576460752303423488, 1152921504606846976)",0,c2c3,human
"(135586560, 129, 66, 536870944, 8, 16, 7600803623731200, 9295429630892703744, 4755801206503243776, 2594073385365405696, 576460752303423488, 1152921504606846976)",0,f4g5,human
"(135586560, 129, 66, 274877906976, 8, 16, 3114521304498176, 9295429630892703744, 4755801206503243776, 2594073385365405696, 576460752303423488, 1152921504606846976)",0,g5d8,human
"(65280, 129, 66, 36, 8, 16, 71776119061217280, 9295429630892703744, 4755801206503243776, 2594073385365405696, 576460752303423488, 1152921504606846976)",0,d2d4,human
"(134280960, 129, 66, 36, 8, 16, 71776119061217280, 9295429630892703744, 4611687117939015680, 2594073385365405696, 576460752303423488, 1152921504606846976)",0,c1f4,human
"(134280960, 129, 66, 536870944, 8, 16, 71776119061217280, 9295429630892703744, 141836999983104, 2594073385365405696, 576460752303423488, 1152921504606846976)",0,e2e3,human
"(135325440, 129, 66, 536870944, 8, 16, 62769057245429760, 9295429630892703744, 141836999983104, 2594073385365405696, 576460752303423488, 1152921504606846976)",0,g1f3,human
"(135325440, 129, 2097154, 536870944, 8, 16, 62769057245429760, 9295429630892703744, 144255925564211200, 2594073385365405696, 576460752303423488, 1152921504606846976)",0,c2c3,human
"(135586560, 129, 2097154, 536870944, 8, 16, 62487586563686400, 9295429630892703744, 144255925564211200, 2594073385365405696, 576460752303423488, 1152921504606846976)",0,b1d2,human
"(135586560, 129, 2099200, 536870944, 8, 16, 62487586563686400, 9295429630892703744, 144115189149597696, 2594073385365405696, 576460752303423488, 1152921504606846976)",0,f1d3,human
"(135586560, 129, 2099200, 537395200, 8, 16, 61926835633520640, 9295429630892703744, 144115189149597696, 2594073385365405696, 576460752303423488, 1152921504606846976)",0,d3f5,human
"(135586560, 129, 2099200, 137975824384, 8, 16, 61926698194567168, 9295429630892703744, 144115189149597696, 2594073385365405696, 576460752303423488, 9007199254740992)",0,f5g4,human
"(65280, 129, 66, 36, 8, 16, 71776119061217280, 9295429630892703744, 4755801206503243776, 2594073385365405696, 576460752303423488, 1152921504606846976)",0,d2d4,human
"(134280960, 129, 66, 36, 8, 16, 71213177697730560, 9295429630892703744, 4755801206503243776, 2594073385365405696, 576460752303423488, 1152921504606846976)",0,c1f4,human
"(134280960, 129, 66, 536870944, 8, 16, 71213177697730560, 9295429630892703744, 4611687117939015680, 2594073385365405696, 576460752303423488, 1152921504606846976)",0,e2e3,human
"(135325440, 129, 66, 536870944, 8, 16, 71213177697730560, 9295429630892703744, 4755801206503243776, 2594073385365405696, 576460752303423488, 1152921504606846976)",0,f1b5,human
"(135325440, 129, 66, 9126805504, 8, 16, 70087286380822528, 9295429630892703744, 4755801206503243776, 2594073385365405696, 576460752303423488, 1152921504606846976)",0,c2c3,human
"(135586560, 129, 66, 9126805504, 8, 16, 34199226850213888, 9295429630892703744, 4755801206503243776, 2594073385365405696, 576460752303423488, 1152921504606846976)",0,g1f3,human
"(135586560, 129, 2097154, 9126805504, 8, 16, 16255197084909568, 9295429630892703744, 4755801206503243776, 2594073385365405696, 576460752303423488, 1152921504606846976)",0,b1d2,human
"(65280, 129, 66, 36, 8, 16, 71776119061217280, 9295429630892703744, 4755801206503243776, 2594073385365405696, 576460752303423488, 1152921504606846976)",0,d2d4,human
"(134280960, 129, 66, 36, 8, 16, 35888059530608640, 9295429630892703744, 4755801206503243776, 2594073385365405696, 576460752303423488, 1152921504606846976)",0,c1f4,human
"(134280960, 129, 66, 536870944, 8, 16, 33636294076661760, 9295429630892703744, 4755801206503243776, 2594073385365405696, 576460752303423488, 1152921504606846976)",0,e2e3,human
"(135325440, 129, 66, 536870944, 8, 16, 29132763168768000, 9295429630892703744, 4755801206503243776, 2594073385365405696, 576460752303423488, 1152921504606846976)",0,f4e5,human
"(135325440, 129, 66, 68719476768, 8, 16, 29132694449291264, 9295429630892703744, 4755801206503243776, 2594073385365405696, 576460752303423488, 4503599627370496)",0,c2c3,human
"(135586560, 129, 66, 68719476768, 8, 16, 11188664683986944, 9295429630892703744, 4755801206503243776, 2594073385365405696, 576460752303423488, 4503599627370496)",0,e5h8,human
"(65280, 129, 66, 36, 8, 16, 71776119061217280, 9295429630892703744, 4755801206503243776, 2594073385365405696, 576460752303423488, 1152921504606846976)",0,d2d4,human
"(134280960, 129, 66, 36, 8, 16, 62804104178565120, 9295429630892703744, 4755801206503243776, 2594073385365405696, 576460752303423488, 1152921504606846976)",0,c1f4,human
"(134280960, 129, 66, 536870944, 8, 16, 26916044647956480, 9295429630892703744, 4755801206503243776, 2594073385365405696, 576460752303423488, 1152921504606846976)",0,e2e3,human
"(135325440, 129, 66, 536870944, 8, 16, 25794542787624960, 9295429630892703744, 4755801206503243776, 2594073385365405696, 576460752303423488, 1152921504606846976)",0,c2c3,human
"(135586560, 129, 66, 536870944, 8, 16, 25794542787624960, 9295429630892703744, 4755801206503243776, 2594073385365405696, 2199023255552, 1152921504606846976)",0,d1b3,human
"(135586560, 129, 66, 536870944, 0, 16, 25794542787624960, 9295429630892703744, 4755801206503243776, 2594073385365405696, 131072, 1152921504606846976)",0,a2b3,human
"(135717376, 129, 66, 536870944, 0, 16, 21308535346298880, 9295429630892703744, 4755801206503243776, 2594073385365405696, 0, 1152921504606846976)",0,b1d2,human
"(135717376, 129, 2112, 536870944, 0, 16, 20745593982812160, 9295429630892703744, 4755801206503243776, 2594073385365405696, 0, 1152921504606846976)",0,g1f3,human
"(135717376, 129, 2099200, 536870944, 0, 16, 18493828528865280, 9295429630892703744, 4755801206503243776, 2594073385365405696, 0, 1152921504606846976)",0,f1d3,human
"(135717376, 129, 2099200, 537395200, 0, 16, 18212357847121920, 9295429630892703744, 4755801206503243776, 2594073385365405696, 0, 1152921504606846976)",0,e1g1,human
"(65280, 129, 66, 36, 8, 16, 71776119061217280, 9295429630892703744, 4755801206503243776, 2594073385365405696, 576460752303423488, 1152921504606846976)",0,d2d4,human
"(134280960, 129, 66, 36, 8, 16, 53761995429642240, 9295429630892703744, 4755801206503243776, 2594073385365405696, 576460752303423488, 1152921504606846976)",0,c1g5,human
"(134280960, 129, 66, 274877906976, 8, 16, 52635837824761856, 9295429630892703744, 4755801206503243776, 2594073385365405696, 576460752303423488, 1152921504606846976)",0,e2e3,human
"(135325440, 129, 66, 274877906976, 8, 16, 52635820712001536, 9295429630892703744, 4755801206503243776, 2594073385365405696, 576460752303423488, 1152921504606846976)",0,f1c4,human
"(135325440, 129, 66, 274945015808, 8, 16, 52635820644892672, 9295429630892703744, 4755801206503243776, 2594073385365405696, 2199023255552, 1152921504606846976)",0,b1c3,human
"(65280, 129, 66, 36, 8, 16, 71776119061217280, 9295429630892703744, 4755801206503243776, 2594073385365405696, 576460752303423488, 1152921504606846976)",0,d2d4,human
"(134280960, 129, 66, 36, 8, 16, 71776119061217280, 9295429630892703744, 4611687117939015680, 2594073385365405696, 576460752303423488, 1152921504606846976)",0,c1f4,human
"(134280960, 129, 66, 536870944, 8, 16, 62769057245429760, 9295429630892703744, 4611687117939015680, 2594073385365405696, 576460752303423488, 1152921504606846976)",0,e2e3,human
"(135325440, 129, 66, 536870944, 8, 16, 62769057245429760, 9295429630892703744, 4611686018460942336, 2594073385365405696, 576460752303423488, 1152921504606846976)",0,c2c3,human
"(135586560, 129, 66, 536870944, 8, 16, 62487586563686400, 9295429630892703744, 4611686018460942336, 2594073385365405696, 576460752303423488, 1152921504606846976)",0,c3b4,human
"(168878848, 129, 66, 536870944, 8, 16, 62487582285496320, 9295429630892703744, 4611686018427387904, 2594073385365405696, 576460752303423488, 1152921504606846976)",0,g1f3,human
"(168878848, 129, 2097154, 536870944, 8, 16, 62487582285496320, 9295429630892703744, 140737488355328, 2594073385365405696, 576460752303423488, 1152921504606846976)",0,b1c3,human
"(168878848, 129, 2359296, 536870944, 8, 16, 61924640922009600, 9295429630892703744, 140737488355328, 2594073385365405696, 576460752303423488, 1152921504606846976)",0,f1b5,human
"(168878848, 129, 2359296, 9126805504, 8, 16, 61924632315363328, 9295429630892703744, 140737488355328, 2594073385365405696, 576460752303423488, 1152921504606846976)",0,b2b3,human
"(169009408, 129, 2359296, 9126805504, 8, 16, 57438624874037248, 9295429630892703744, 140737488355328, 2594073385365405696, 576460752303423488, 1152921504606846976)",0,e1g1,human
"(169009408, 33, 2359296, 9126805504, 8, 64, 56312742147063808, 9295429630892703744, 140737488355328, 2594073385365405696, 576460752303423488, 1152921504606846976)",0,b4c5,human
"(17315324160, 33, 2359296, 9126805504, 8, 64, 56312724967194624, 9295429630892703744, 140737488355328, 2594073385365405696, 274877906944, 1152921504606846976)",0,f3g5,human
"(65280, 129, 66, 36, 8, 16, 71776119061217280, 9295429630892703744, 4755801206503243776, 2594073385365405696, 576460752303423488, 1152921504606846976)",0,d2d4,human
"(134280960, 129, 66, 36, 8, 16, 71215368131051520, 9295429630892703744, 4755801206503243776, 2594073385365405696, 576460752303423488, 1152921504606846976)",0,c1f4,human
"(134280960, 129, 66, 536870944, 8, 16, 68972364410388480, 9295429630892703744, 4755801206503243776, 2594073385365405696, 576460752303423488, 1152921504606846976)",0,e2e3,human
"(135325440, 129, 66, 536870944, 8, 16, 68972364410388480, 9295429630892703744, 4755801206503243776, 2305860601399738368, 576460752303423488, 1152921504606846976)",0,g1f3,human
"(135325440, 129, 2097154, 536870944, 8, 16, 68972364410388480, 9295429630892703744, 4755801206503243776, 2305860601399738368, 2251799813685248, 1152921504606846976)",0,c2c3,human
"(135586560, 129, 2097154, 536870944, 8, 16, 68972364410388480, 9295429630892703744, 4755801206503243776, 2305843009222082560, 2251799813685248, 1152921504606846976)",0,g2h3,human
"(143958784, 129, 2097154, 536870944, 8, 16, 68972364410388480, 9295429630892703744, 4755801206503243776, 2305843009213693952, 2251799813685248, 576460752303423488)",0,b1d2,human
"(143958784, 129, 2099200, 536870944, 8, 16, 67850862550056960, 9295429630892703744, 4755801206503243776, 2305843009213693952, 2251799813685248, 576460752303423488)",0,d1c2,human
"(143958784, 129, 2099200, 536870944, 1024, 16, 49836738918481920, 9295429630892703744, 4755801206503243776, 2305843009213693952, 2251799813685248, 576460752303423488)",0,f4g5,human
"(143958784, 129, 2099200, 274877906976, 1024, 16, 13948404509966336, 9295429630892703744, 4755801206503243776, 2305843009213693952, 2251799813685248, 576460752303423488)",0,g5f4,human
